,atm_pdb_seq,protein_seq,atm_count,pep_count,chain,H5_IgG_pbslive,H5_IgM_pbsdead,H5_IgG_rapadead,H5_IgG_rapalive,H5_IgM_rapadead,H5_IgG_live,H5_IgM_dead,H5_diff_IgG_live__IgM_dead
1,-,M,0,1,,,,,,,,,
2,-,E,0,2,,,,,,,,,
3,-,K,0,3,,,,,,,,,
4,-,I,0,4,,,,,,,,,
5,-,V,0,5,,,,,,,,,
6,-,L,0,6,,,,,,,,,
7,-,L,0,7,,,,,,,,,
8,-,F,0,8,,,,,,,,,
9,-,A,0,9,,,,,,,,,
10,-,I,0,10,,,,,,,,,
11,-,V,0,11,,,,,,,,,
12,-,S,0,12,,,,,,,,,
13,X,L,1,13,A,,,,,,,,
14,X,V,2,14,A,,,,,,,,
15,X,K,3,15,A,,,,,,,,
16,Q,S,4,16,A,,,,,,,,
17,D,D,5,17,A,,,,,,,,
18,Q,Q,6,18,A,,,,,,,,
19,I,I,7,19,A,,,,,,,,
20,C,C,8,20,A,,,,,,,,
21,I,I,9,21,A,,,,,,,,
22,G,G,10,22,A,,,,,,,,
23,Y,Y,11,23,A,,,,,,,,
24,H,H,12,24,A,,,,,,,,
25,A,A,13,25,A,,,,,,,,
26,N,N,14,26,A,,,,,,,,
27,N,N,15,27,A,,,,,,,,
28,S,S,16,28,A,,,,,,,,
29,T,T,17,29,A,,,,,,,,
30,E,E,18,30,A,,,,,,,,
31,Q,Q,19,31,A,,,,,,,,
32,V,V,20,32,A,,,,,,,,
33,D,D,21,33,A,,,,,,,,
34,T,T,22,34,A,,,,,,,,
35,I,I,23,35,A,,,,,,,,
36,M,M,24,36,A,,,,,,,,
37,E,E,25,37,A,,,,,,,,
38,K,K,26,38,A,,,,,,,,
39,N,N,27,39,A,,,,,,,,
40,V,V,28,40,A,,,,,,,,
41,T,T,29,41,A,,,,,,,,
42,V,V,30,42,A,,,,,,,,
43,T,T,31,43,A,,,,,,,,
44,H,H,32,44,A,,,,,,,,
45,A,A,33,45,A,,,,,,,,
46,Q,Q,34,46,A,,,,,,,,
47,D,D,35,47,A,,,,,,,,
48,I,I,36,48,A,,,,,,,,
49,L,L,37,49,A,,,,,,,,
50,E,E,38,50,A,,,,,,,,
51,K,K,39,51,A,,,,,1.0,,,
52,K,K,40,52,A,,,,,1.0,,,
53,H,H,41,53,A,,,,,1.0,,,
54,N,N,42,54,A,,,,,1.0,,,
55,G,G,43,55,A,,,,,1.0,,,
56,K,K,44,56,A,,,,,1.0,,,
57,L,L,45,57,A,,,,,1.0,,,
58,C,C,46,58,A,,,,,1.0,,,
59,D,D,47,59,A,,,,,1.0,,,
60,L,L,48,60,A,,,,,1.0,,,
61,D,D,49,61,A,,,,,1.0,,,
62,G,G,50,62,A,,,,,1.0,,,
63,V,V,51,63,A,,,,,1.0,,,
64,K,K,52,64,A,,,,,1.0,,,
65,P,P,53,65,A,,,,,1.0,,,
66,L,L,54,66,A,,,,,1.0,,,
67,I,I,55,67,A,,,,,1.0,,,
68,L,L,56,68,A,,,,,1.0,,,
69,R,R,57,69,A,,,,,1.0,,,
70,D,D,58,70,A,,,,,1.0,,,
71,C,C,59,71,A,,,,,,,,
72,S,S,60,72,A,,,,,,,,
73,V,V,61,73,A,,,,,,,,
74,A,A,62,74,A,,,,,,,,
75,G,G,63,75,A,,,,,,,,
76,W,W,64,76,A,,,,,,,,
77,L,L,65,77,A,,,,,,,,
78,L,L,66,78,A,,,,,,,,
79,G,G,67,79,A,,,,,,,,
80,N,N,68,80,A,,,,,,,,
81,P,P,69,81,A,,,,,,,1.0,
82,M,M,70,82,A,,,,,,,1.0,
83,C,C,71,83,A,,,,,,,1.0,
84,D,D,72,84,A,,,,,,,1.0,
85,E,E,73,85,A,,,,,,,1.0,
86,F,F,74,86,A,,,,,,,1.0,
87,I,I,75,87,A,,,,,,,1.0,
88,N,N,76,88,A,,,,,,,1.0,
89,V,V,77,89,A,,,,,,,1.0,
90,P,P,78,90,A,,,,,,,1.0,
91,E,E,79,91,A,,,,,,,1.0,
92,W,W,80,92,A,,,,,,,1.0,
93,S,S,81,93,A,,,,,,,1.0,
94,Y,Y,82,94,A,,,,,,,1.0,
95,I,I,83,95,A,,,,,,,1.0,
96,V,V,84,96,A,,,,,,,1.0,
97,E,E,85,97,A,,,,,,,1.0,
98,K,K,86,98,A,,,,,,,1.0,
99,A,A,87,99,A,,,,,,,1.0,
100,N,N,88,100,A,,,,,,,1.0,
101,P,P,89,101,A,,,,,,,,
102,V,V,90,102,A,,,,,,,,
103,N,N,91,103,A,,,,,,,,
104,D,D,92,104,A,,,,,,,,
105,L,L,93,105,A,,,,,,,,
106,C,C,94,106,A,,,,,,,,
107,Y,Y,95,107,A,,,,,,,,
108,P,P,96,108,A,,,,,,,,
109,G,G,97,109,A,,,,,,,,
110,D,D,98,110,A,,,,,,,,
111,F,F,99,111,A,,,,,,,,
112,N,N,100,112,A,,,,,,,,
113,D,D,101,113,A,,,,,,,,
114,Y,Y,102,114,A,,,,,,,,
115,E,E,103,115,A,,,,,,,,
116,E,E,104,116,A,,,,,,,,
117,L,L,105,117,A,,,,,,,,
118,K,K,106,118,A,,,,,,,,
119,H,H,107,119,A,,,,,,,,
120,L,L,108,120,A,,,,,,,,
121,L,L,109,121,A,,,,,1.0,,1.0,
122,S,S,110,122,A,,,,,1.0,,1.0,
123,R,R,111,123,A,,,,,1.0,,1.0,
124,I,I,112,124,A,,,,,1.0,,1.0,
125,N,N,113,125,A,,,,,1.0,,1.0,
126,H,H,114,126,A,,,,,1.0,,1.0,
127,F,F,115,127,A,,,,,1.0,,1.0,
128,E,E,116,128,A,,,,,1.0,,1.0,
129,K,K,117,129,A,,,,,1.0,,1.0,
130,I,I,118,130,A,,,,,1.0,,1.0,
131,Q,Q,119,131,A,,,,,1.0,,1.0,
132,I,I,120,132,A,,,,,1.0,,1.0,
133,I,I,121,133,A,,,,,1.0,,1.0,
134,P,P,122,134,A,,,,,1.0,,1.0,
135,K,K,123,135,A,,,,,1.0,,1.0,
136,S,S,124,136,A,,,,,1.0,,1.0,
137,S,S,125,137,A,,,,,1.0,,1.0,
138,W,W,126,138,A,,,,,1.0,,1.0,
139,S,S,127,139,A,,,,,1.0,,1.0,
140,S,S,128,140,A,,,,,1.0,,1.0,
141,H,H,129,141,A,,,,,1.0,,,
142,E,E,130,142,A,,,,,1.0,,,
143,A,A,131,143,A,,,,,1.0,,,
144,S,S,132,144,A,,,,,1.0,,,
145,L,L,133,145,A,,,,,1.0,,,
146,G,G,134,146,A,1.0,,,,,,,
147,V,V,135,147,A,1.0,,,,,,,
148,S,S,136,148,A,1.0,,,,,,,
149,S,S,137,149,A,1.0,,,,,,,
150,A,A,138,150,A,1.0,,,,,,,
151,C,C,139,151,A,1.0,,,,,,,
152,P,P,140,152,A,1.0,,,,,,,
153,Y,Y,141,153,A,1.0,,,,,,,
154,Q,Q,142,154,A,1.0,,,,,,,
155,G,G,143,155,A,1.0,,,,,,,
156,K,E,144,156,A,1.0,,,,,1.0,,
157,S,S,145,157,A,1.0,,,,,1.0,,
158,S,S,146,158,A,1.0,,,,,1.0,,
159,F,F,147,159,A,1.0,,,,,1.0,,
160,F,F,148,160,A,1.0,,,,,1.0,,
161,R,R,149,161,A,1.0,,,,1.0,1.0,1.0,1.0
162,N,N,150,162,A,1.0,,,,1.0,1.0,1.0,1.0
163,V,V,151,163,A,1.0,,,,1.0,1.0,1.0,1.0
164,V,V,152,164,A,1.0,,,,1.0,1.0,1.0,1.0
165,W,W,153,165,A,1.0,,,,1.0,1.0,1.0,1.0
166,L,L,154,166,A,1.0,,,,1.0,1.0,1.0,1.0
167,I,I,155,167,A,1.0,,,,1.0,1.0,1.0,1.0
168,K,K,156,168,A,1.0,,,,1.0,1.0,1.0,1.0
169,K,K,157,169,A,1.0,,,,1.0,1.0,1.0,1.0
170,D,N,158,170,A,1.0,,,,1.0,1.0,1.0,1.0
171,S,S,159,171,A,1.0,,,,1.0,1.0,1.0,1.0
172,T,T,160,172,A,1.0,,,,1.0,1.0,1.0,1.0
173,Y,Y,161,173,A,1.0,,,,1.0,1.0,1.0,1.0
174,P,P,162,174,A,1.0,,,,1.0,1.0,1.0,1.0
175,T,T,163,175,A,1.0,,,,1.0,1.0,1.0,1.0
176,I,I,164,176,A,1.0,,,,1.0,,1.0,
177,K,K,165,177,A,1.0,,,,1.0,,1.0,
178,R,R,166,178,A,1.0,,,,1.0,,1.0,
179,S,S,167,179,A,1.0,,,,1.0,,1.0,
180,Y,Y,168,180,A,1.0,,,,1.0,,1.0,
181,N,N,169,181,A,1.0,,,,1.0,,,
182,N,N,170,182,A,1.0,,,,1.0,,,
183,T,T,171,183,A,1.0,,,,1.0,,,
184,N,N,172,184,A,1.0,,,,1.0,,,
185,Q,Q,173,185,A,1.0,,,,1.0,,,
186,E,E,174,186,A,1.0,,,,,,,
187,D,D,175,187,A,1.0,,,,,,,
188,L,L,176,188,A,1.0,,,,,,,
189,L,L,177,189,A,1.0,,,,,,,
190,V,V,178,190,A,1.0,,,,,,,
191,L,L,179,191,A,1.0,,,,,,,
192,W,W,180,192,A,1.0,,,,,,,
193,G,G,181,193,A,1.0,,,,,,,
194,I,I,182,194,A,1.0,,,,,,,
195,H,H,183,195,A,1.0,,,,,,,
196,H,H,184,196,A,,,,,,,,
197,P,P,185,197,A,,,,,,,,
198,N,N,186,198,A,,,,,,,,
199,D,D,187,199,A,,,,,,,,
200,A,A,188,200,A,,,,,,,,
201,A,A,189,201,A,,,,,,,,
202,E,E,190,202,A,,,,,,,,
203,Q,Q,191,203,A,,,,,,,,
204,T,T,192,204,A,,,,,,,,
205,K,K,193,205,A,,,,,,,,
206,L,L,194,206,A,,,,,,,,
207,Y,Y,195,207,A,,,,,,,,
208,Q,Q,196,208,A,,,,,,,,
209,N,N,197,209,A,,,,,,,,
210,P,P,198,210,A,,,,,,,,
211,T,T,199,211,A,,,,,,,,
212,T,T,200,212,A,,,,,,,,
213,Y,Y,201,213,A,,,,,,,,
214,I,I,202,214,A,,,,,,,,
215,S,S,203,215,A,,,,,,,,
216,V,V,204,216,A,,,1.0,,,,,
217,G,G,205,217,A,,,1.0,,,,,
218,T,T,206,218,A,,,1.0,,,,,
219,S,S,207,219,A,,,1.0,,,,,
220,T,T,208,220,A,,,1.0,,,,,
221,L,L,209,221,A,,,1.0,,,,1.0,
222,N,N,210,222,A,,,1.0,,,,1.0,
223,Q,Q,211,223,A,,,1.0,,,,1.0,
224,R,R,212,224,A,,,1.0,,,,1.0,
225,L,L,213,225,A,,,1.0,,,,1.0,
226,V,V,214,226,A,,,1.0,,,,1.0,
227,P,P,215,227,A,,,1.0,,,,1.0,
228,R,R,216,228,A,,,1.0,,,,1.0,
229,I,I,217,229,A,,,1.0,,,,1.0,
230,A,A,218,230,A,,,1.0,,,,1.0,
231,T,T,219,231,A,,,1.0,,1.0,,1.0,
232,R,R,220,232,A,,,1.0,,1.0,,1.0,
233,S,S,221,233,A,,,1.0,,1.0,,1.0,
234,K,K,222,234,A,,,1.0,,1.0,,1.0,
235,V,V,223,235,A,,,1.0,,1.0,,1.0,
236,K,N,224,236,A,,,,,1.0,,1.0,
237,G,G,225,237,A,,,,,1.0,,1.0,
238,L,Q,226,238,A,,,,,1.0,,1.0,
239,S,S,227,239,A,,,,,1.0,,1.0,
240,G,G,228,240,A,,,,,1.0,,1.0,
241,R,R,229,241,A,,,,,1.0,,1.0,
242,M,M,230,242,A,,,,,1.0,,1.0,
243,E,E,231,243,A,,,,,1.0,,1.0,
244,F,F,232,244,A,,,,,1.0,,1.0,
245,F,F,233,245,A,,,,,1.0,,1.0,
246,W,W,234,246,A,,,,,1.0,,1.0,
247,T,T,235,247,A,,,,,1.0,,1.0,
248,I,I,236,248,A,,,,,1.0,,1.0,
249,L,L,237,249,A,,,,,1.0,,1.0,
250,K,K,238,250,A,,,,,1.0,,1.0,
251,P,P,239,251,A,,,,,,,,
252,N,N,240,252,A,,,,,,,,
253,D,D,241,253,A,,,,,,,,
254,A,A,242,254,A,,,,,,,,
255,I,I,243,255,A,,,,,,,,
256,N,N,244,256,A,,,,,,,,
257,F,F,245,257,A,,,,,,,,
258,E,E,246,258,A,,,,,,,,
259,S,S,247,259,A,,,,,,,,
260,N,N,248,260,A,,,,,,,,
261,G,G,249,261,A,,,,,,,,
262,N,N,250,262,A,,,,,,,,
263,F,F,251,263,A,,,,,,,,
264,I,I,252,264,A,,,,,,,,
265,A,A,253,265,A,,,,,,,,
266,P,P,254,266,A,,,,,,,,
267,E,E,255,267,A,,,,,,,,
268,Y,Y,256,268,A,,,,,,,,
269,A,A,257,269,A,,,,,,,,
270,Y,Y,258,270,A,,,,,,,,
271,K,K,259,271,A,,,,,,,,
272,I,I,260,272,A,,,,,,,,
273,V,V,261,273,A,,,,,,,,
274,K,K,262,274,A,,,,,,,,
275,K,K,263,275,A,,,,,,,,
276,G,G,264,276,A,,,,,,,,
277,D,D,265,277,A,,,,,,,,
278,S,S,266,278,A,,,,,,,,
279,T,T,267,279,A,,,,,,,,
280,I,I,268,280,A,,,,,,,,
281,M,M,269,281,A,,,,,,,,
282,K,K,270,282,A,,,,,,,,
283,S,S,271,283,A,,,,,,,,
284,E,E,272,284,A,,,,,,,,
285,L,L,273,285,A,,,,,,,,
286,E,E,274,286,A,,,,,,,,
287,Y,Y,275,287,A,,,,,,,,
288,G,G,276,288,A,,,,,,,,
289,N,N,277,289,A,,,,,,,,
290,C,C,278,290,A,,,,,,,,
291,N,N,279,291,A,,,,,,,,
292,T,T,280,292,A,,,,,,,,
293,K,K,281,293,A,,,,,,,,
294,C,C,282,294,A,,,,,,,,
295,Q,Q,283,295,A,,,,,,,,
296,T,T,284,296,A,,,,,,,,
297,P,P,285,297,A,,,,,,,,
298,M,M,286,298,A,,,,,,,,
299,G,G,287,299,A,,,,,,,,
300,A,A,288,300,A,,,,,,,,
301,I,I,289,301,A,,,,,,,,
302,N,N,290,302,A,,,,,,,,
303,S,S,291,303,A,,,,,,,,
304,S,S,292,304,A,,,,,,,,
305,M,M,293,305,A,,,,,,,,
306,P,P,294,306,A,,1.0,,,1.0,,1.0,
307,F,F,295,307,A,,1.0,,,1.0,,1.0,
308,H,H,296,308,A,,1.0,,,1.0,,1.0,
309,N,N,297,309,A,,1.0,,,1.0,,1.0,
310,I,I,298,310,A,,1.0,,,1.0,,1.0,
311,H,H,299,311,A,,1.0,,,1.0,,1.0,
312,P,P,300,312,A,,1.0,,,1.0,,1.0,
313,L,L,301,313,A,,1.0,,,1.0,,1.0,
314,T,T,302,314,A,,1.0,,,1.0,,1.0,
315,I,I,303,315,A,,1.0,,,1.0,,1.0,
316,G,G,304,316,A,,1.0,,,1.0,,1.0,
317,E,E,305,317,A,,1.0,,,1.0,,1.0,
318,C,C,306,318,A,,1.0,,,1.0,,1.0,
319,P,P,307,319,A,,1.0,,,1.0,,1.0,
320,K,K,308,320,A,,1.0,,,1.0,,1.0,
321,Y,Y,309,321,A,,1.0,,,1.0,,1.0,
322,V,V,310,322,A,,1.0,,,1.0,,1.0,
323,K,K,311,323,A,,1.0,,,1.0,,1.0,
324,S,S,312,324,A,,1.0,,,1.0,,1.0,
325,N,N,313,325,A,,1.0,,,1.0,,1.0,
326,R,R,314,326,A,,,,,1.0,,1.0,
327,L,L,315,327,A,,,,,1.0,,1.0,
328,V,V,316,328,A,,,,,1.0,,1.0,
329,L,L,317,329,A,,,,,1.0,,1.0,
330,A,A,318,330,A,,,,,1.0,,1.0,
331,I,T,319,331,A,,,,,1.0,,1.0,
332,G,G,320,332,A,,,,,1.0,,1.0,
333,L,L,321,333,A,,,,,1.0,,1.0,
334,R,R,322,334,A,,,,,1.0,,1.0,
335,N,N,323,335,A,,,,,1.0,,1.0,
336,S,S,324,336,A,,,,,1.0,,1.0,
337,P,P,325,337,A,,,,,1.0,,1.0,
338,X,-,1,337,B,,,,,1.0,,1.0,
339,X,-,2,337,B,,,,,1.0,,1.0,
340,X,-,3,337,B,,,,,1.0,,1.0,
341,X,-,4,337,B,,,,,1.0,,1.0,
342,X,-,5,337,B,,,,,1.0,,1.0,
343,X,-,6,337,B,,,,,1.0,,1.0,
344,X,-,7,337,B,,,,,1.0,,1.0,
345,X,-,8,337,B,,,,,1.0,,1.0,
346,X,-,9,337,B,,,,,1.0,,1.0,
347,X,-,10,337,B,,,,,1.0,,1.0,
348,X,-,11,337,B,,,,,1.0,,1.0,
349,X,-,12,337,B,,,,,1.0,,1.0,
350,X,-,13,337,B,,,,,1.0,,1.0,
351,X,-,14,337,B,,,,,1.0,,1.0,
352,X,-,15,337,B,,,,,1.0,,1.0,
353,X,-,16,337,B,,,,,1.0,,1.0,
354,X,-,17,337,B,,,,,1.0,,1.0,
355,X,-,18,337,B,,,,,1.0,,1.0,
356,X,-,19,337,B,,,,,1.0,,1.0,
357,X,-,20,337,B,,,,,1.0,,1.0,
358,X,-,21,337,B,,,,,1.0,,1.0,
359,X,-,22,337,B,,,,,1.0,,1.0,
360,X,-,23,337,B,,,,,1.0,,1.0,
361,X,-,24,337,B,,,,,1.0,,1.0,
362,X,-,25,337,B,,,,,1.0,,1.0,
363,X,-,26,337,B,,,,,1.0,,1.0,
364,X,-,27,337,B,,,,,1.0,,1.0,
365,X,-,28,337,B,,,,,1.0,,1.0,
366,X,-,29,337,B,,,,,1.0,,1.0,
367,X,-,30,337,B,,,,,1.0,,1.0,
368,X,-,31,337,B,,,,,1.0,,1.0,
369,X,-,32,337,B,,,,,1.0,,1.0,
370,X,-,33,337,B,,,,,1.0,,1.0,
371,X,-,34,337,B,,,,,1.0,,1.0,
372,X,-,35,337,B,,,,,1.0,,1.0,
373,X,-,36,337,B,,,,,1.0,,1.0,
374,X,-,37,337,B,,,,,1.0,,1.0,
375,X,-,38,337,B,,,,,1.0,,1.0,
376,X,-,39,337,B,,,,,1.0,,1.0,
377,X,-,40,337,B,,,,,1.0,,1.0,
378,X,-,41,337,B,,,,,1.0,,1.0,
379,X,-,42,337,B,,,,,1.0,,1.0,
380,X,-,43,337,B,,,,,1.0,,1.0,
381,X,-,44,337,B,,,,,1.0,,1.0,
382,X,-,45,337,B,,,,,1.0,,1.0,
383,X,-,46,337,B,,,,,1.0,,1.0,
384,X,-,47,337,B,,,,,1.0,,1.0,
385,X,-,48,337,B,,,,,1.0,,1.0,
386,X,-,49,337,B,,,,,1.0,,1.0,
387,X,-,50,337,B,,,,,1.0,,1.0,
388,X,-,51,337,B,,,,,1.0,,1.0,
389,X,-,52,337,B,,,,,1.0,,1.0,
390,X,-,53,337,B,,,,,1.0,,1.0,
391,X,-,54,337,B,,,,,1.0,,1.0,
392,X,-,55,337,B,,,,,1.0,,1.0,
393,X,-,56,337,B,,,,,1.0,,1.0,
394,X,-,57,337,B,,,,,1.0,,1.0,
395,X,-,58,337,B,,,,,1.0,,1.0,
396,X,-,59,337,B,,,,,1.0,,1.0,
397,X,-,60,337,B,,,,,1.0,,1.0,
398,X,-,61,337,B,,,,,1.0,,1.0,
399,X,-,62,337,B,,,,,1.0,,1.0,
400,X,-,63,337,B,,,,,1.0,,1.0,
401,X,-,64,337,B,,,,,1.0,,1.0,
402,X,-,65,337,B,,,,,1.0,,1.0,
403,X,-,66,337,B,,,,,1.0,,1.0,
404,X,-,67,337,B,,,,,1.0,,1.0,
405,X,-,68,337,B,,,,,1.0,,1.0,
406,X,-,69,337,B,,,,,1.0,,1.0,
407,X,-,70,337,B,,,,,1.0,,1.0,
408,X,-,71,337,B,,,,,1.0,,1.0,
409,X,-,72,337,B,,,,,1.0,,1.0,
410,X,-,73,337,B,,,,,1.0,,1.0,
411,X,-,74,337,B,,,,,1.0,,1.0,
412,X,-,75,337,B,,,,,1.0,,1.0,
413,X,-,76,337,B,,,,,1.0,,1.0,
414,X,-,77,337,B,,,,,1.0,,1.0,
415,X,-,78,337,B,,,,,1.0,,1.0,
416,X,-,79,337,B,,,,,1.0,,1.0,
417,X,-,80,337,B,,,,,1.0,,1.0,
418,X,-,81,337,B,,,,,1.0,,1.0,
419,X,-,82,337,B,,,,,1.0,,1.0,
420,X,-,83,337,B,,,,,1.0,,1.0,
421,X,-,84,337,B,,,,,1.0,,1.0,
422,X,-,85,337,B,,,,,1.0,,1.0,
423,X,-,86,337,B,,,,,1.0,,1.0,
424,X,-,87,337,B,,,,,1.0,,1.0,
425,X,-,88,337,B,,,,,1.0,,1.0,
426,X,-,89,337,B,,,,,1.0,,1.0,
427,X,-,90,337,B,,,,,1.0,,1.0,
428,X,-,91,337,B,,,,,1.0,,1.0,
429,X,-,92,337,B,,,,,1.0,,1.0,
430,X,-,93,337,B,,,,,1.0,,1.0,
431,X,-,94,337,B,,,,,1.0,,1.0,
432,X,-,95,337,B,,,,,1.0,,1.0,
433,X,-,96,337,B,,,,,1.0,,1.0,
434,X,-,97,337,B,,,,,1.0,,1.0,
435,X,-,98,337,B,,,,,1.0,,1.0,
436,X,-,99,337,B,,,,,1.0,,1.0,
437,X,-,100,337,B,,,,,1.0,,1.0,
438,X,-,101,337,B,,,,,1.0,,1.0,
439,X,-,102,337,B,,,,,1.0,,1.0,
440,X,-,103,337,B,,,,,1.0,,1.0,
441,X,-,104,337,B,,,,,1.0,,1.0,
442,X,-,105,337,B,,,,,1.0,,1.0,
443,X,-,106,337,B,,,,,1.0,,1.0,
444,X,-,107,337,B,,,,,1.0,,1.0,
445,X,-,108,337,B,,,,,1.0,,1.0,
446,X,-,109,337,B,,,,,1.0,,1.0,
447,X,-,110,337,B,,,,,1.0,,1.0,
448,X,-,111,337,B,,,,,1.0,,1.0,
449,X,-,112,337,B,,,,,1.0,,1.0,
450,X,-,113,337,B,,,,,1.0,,1.0,
451,X,-,114,337,B,,,,,1.0,,1.0,
452,X,-,115,337,B,,,,,1.0,,1.0,
453,X,-,116,337,B,,,,,1.0,,1.0,
454,X,-,117,337,B,,,,,1.0,,1.0,
455,X,-,118,337,B,,,,,1.0,,1.0,
456,X,-,119,337,B,,,,,1.0,,1.0,
457,X,-,120,337,B,,,,,1.0,,1.0,
458,X,-,121,337,B,,,,,1.0,,1.0,
459,X,-,122,337,B,,,,,1.0,,1.0,
460,X,-,123,337,B,,,,,1.0,,1.0,
461,X,-,124,337,B,,,,,1.0,,1.0,
462,X,-,125,337,B,,,,,1.0,,1.0,
463,X,-,126,337,B,,,,,1.0,,1.0,
464,X,-,127,337,B,,,,,1.0,,1.0,
465,X,-,128,337,B,,,,,1.0,,1.0,
466,X,-,129,337,B,,,,,1.0,,1.0,
467,X,-,130,337,B,,,,,1.0,,1.0,
468,X,-,131,337,B,,,,,1.0,,1.0,
469,X,-,132,337,B,,,,,1.0,,1.0,
470,X,-,133,337,B,,,,,1.0,,1.0,
471,X,-,134,337,B,,,,,1.0,,1.0,
472,X,-,135,337,B,,,,,1.0,,1.0,
473,X,-,136,337,B,,,,,1.0,,1.0,
474,X,-,137,337,B,,,,,1.0,,1.0,
475,X,-,138,337,B,,,,,1.0,,1.0,
476,X,-,139,337,B,,,,,1.0,,1.0,
477,X,-,140,337,B,,,,,1.0,,1.0,
478,X,-,141,337,B,,,,,1.0,,1.0,
479,X,-,142,337,B,,,,,1.0,,1.0,
480,X,-,143,337,B,,,,,1.0,,1.0,
481,X,-,144,337,B,,,,,1.0,,1.0,
482,X,-,145,337,B,,,,,1.0,,1.0,
483,X,-,146,337,B,,,,,1.0,,1.0,
484,X,-,147,337,B,,,,,1.0,,1.0,
485,X,-,148,337,B,,,,,1.0,,1.0,
486,X,-,149,337,B,,,,,1.0,,1.0,
487,X,-,150,337,B,,,,,1.0,,1.0,
488,X,-,151,337,B,,,,,1.0,,1.0,
489,X,-,152,337,B,,,,,1.0,,1.0,
490,X,-,153,337,B,,,,,1.0,,1.0,
491,X,-,154,337,B,,,,,1.0,,1.0,
492,X,-,155,337,B,,,,,1.0,,1.0,
493,X,-,156,337,B,,,,,1.0,,1.0,
494,X,-,157,337,B,,,,,1.0,,1.0,
495,X,-,158,337,B,,,,,1.0,,1.0,
496,X,-,159,337,B,,,,,1.0,,1.0,
497,X,-,160,337,B,,,,,1.0,,1.0,
498,X,-,161,337,B,,,,,1.0,,1.0,
499,X,-,162,337,B,,,,,1.0,,1.0,
500,X,-,163,337,B,,,,,1.0,,1.0,
501,X,-,164,337,B,,,,,1.0,,1.0,
502,X,-,165,337,B,,,,,1.0,,1.0,
503,X,-,166,337,B,,,,,1.0,,1.0,
504,X,-,167,337,B,,,,,1.0,,1.0,
505,X,-,168,337,B,,,,,1.0,,1.0,
506,X,-,169,337,B,,,,,1.0,,1.0,
507,X,-,170,337,B,,,,,1.0,,1.0,
508,X,-,171,337,B,,,,,1.0,,1.0,
509,X,-,172,337,B,,,,,1.0,,1.0,
510,X,-,173,337,B,,,,,1.0,,1.0,
511,X,-,174,337,B,,,,,1.0,,1.0,
512,X,-,175,337,B,,,,,1.0,,1.0,
513,X,-,176,337,B,,,,,1.0,,1.0,
514,X,-,177,337,B,,,,,1.0,,1.0,
515,X,-,178,337,B,,,,,1.0,,1.0,
516,X,-,179,337,B,,,,,1.0,,1.0,
517,X,-,180,337,B,,,,,1.0,,1.0,
518,X,-,181,337,B,,,,,1.0,,1.0,
519,X,-,182,337,B,,,,,1.0,,1.0,
520,X,-,183,337,B,,,,,1.0,,1.0,
521,X,-,184,337,B,,,,,1.0,,1.0,
522,X,-,185,337,B,,,,,1.0,,1.0,
523,X,-,186,337,B,,,,,1.0,,1.0,
524,X,-,187,337,B,,,,,1.0,,1.0,
525,X,-,188,337,B,,,,,1.0,,1.0,
526,X,-,189,337,B,,,,,1.0,,1.0,
527,X,-,190,337,B,,,,,1.0,,1.0,
528,X,-,191,337,B,,,,,1.0,,1.0,
529,X,-,192,337,B,,,,,1.0,,1.0,
530,X,-,193,337,B,,,,,1.0,,1.0,
531,X,-,194,337,B,,,,,1.0,,1.0,
532,X,-,195,337,B,,,,,1.0,,1.0,
533,X,-,196,337,B,,,,,1.0,,1.0,
534,X,-,197,337,B,,,,,1.0,,1.0,
535,X,-,198,337,B,,,,,1.0,,1.0,
536,X,-,199,337,B,,,,,1.0,,1.0,
537,X,-,200,337,B,,,,,1.0,,1.0,
538,X,-,201,337,B,,,,,1.0,,1.0,
539,X,-,202,337,B,,,,,1.0,,1.0,
540,X,-,203,337,B,,,,,1.0,,1.0,
541,X,-,204,337,B,,,,,1.0,,1.0,
542,X,-,205,337,B,,,,,1.0,,1.0,
543,X,-,206,337,B,,,,,1.0,,1.0,
544,X,-,207,337,B,,,,,1.0,,1.0,
545,X,-,208,337,B,,,,,1.0,,1.0,
546,X,-,209,337,B,,,,,1.0,,1.0,
547,X,-,210,337,B,,,,,1.0,,1.0,
548,X,-,211,337,B,,,,,1.0,,1.0,
549,X,-,212,337,B,,,,,1.0,,1.0,
550,X,-,213,337,B,,,,,1.0,,1.0,
551,X,-,214,337,B,,,,,1.0,,1.0,
552,X,-,215,337,B,,,,,1.0,,1.0,
553,X,-,216,337,B,,,,,1.0,,1.0,
554,X,-,217,337,B,,,,,1.0,,1.0,
555,X,-,218,337,B,,,,,1.0,,1.0,
556,X,-,219,337,B,,,,,1.0,,1.0,
557,X,-,220,337,B,,,,,1.0,,1.0,
558,X,-,221,337,B,,,,,1.0,,1.0,
559,X,-,222,337,B,,,,,1.0,,1.0,
560,X,-,223,337,B,,,,,1.0,,1.0,
561,X,-,224,337,B,,,,,1.0,,1.0,
562,X,-,225,337,B,,,,,1.0,,1.0,
563,X,-,226,337,B,,,,,1.0,,1.0,
564,X,-,227,337,B,,,,,1.0,,1.0,
565,X,-,228,337,B,,,,,1.0,,1.0,
566,X,-,229,337,B,,,,,1.0,,1.0,
567,X,-,230,337,B,,,,,1.0,,1.0,
568,X,-,231,337,B,,,,,1.0,,1.0,
569,X,-,232,337,B,,,,,1.0,,1.0,
570,X,-,233,337,B,,,,,1.0,,1.0,
571,X,-,234,337,B,,,,,1.0,,1.0,
572,X,-,235,337,B,,,,,1.0,,1.0,
573,X,-,236,337,B,,,,,1.0,,1.0,
574,X,-,237,337,B,,,,,1.0,,1.0,
575,X,-,238,337,B,,,,,1.0,,1.0,
576,X,-,239,337,B,,,,,1.0,,1.0,
577,X,-,240,337,B,,,,,1.0,,1.0,
578,X,-,241,337,B,,,,,1.0,,1.0,
579,X,-,242,337,B,,,,,1.0,,1.0,
580,X,-,243,337,B,,,,,1.0,,1.0,
581,X,-,244,337,B,,,,,1.0,,1.0,
582,X,-,245,337,B,,,,,1.0,,1.0,
583,X,-,246,337,B,,,,,1.0,,1.0,
584,X,-,247,337,B,,,,,1.0,,1.0,
585,X,-,248,337,B,,,,,1.0,,1.0,
586,X,-,249,337,B,,,,,1.0,,1.0,
587,X,-,250,337,B,,,,,1.0,,1.0,
588,X,-,251,337,B,,,,,1.0,,1.0,
589,X,-,252,337,B,,,,,1.0,,1.0,
590,X,-,253,337,B,,,,,1.0,,1.0,
591,X,-,254,337,B,,,,,1.0,,1.0,
592,X,-,255,337,B,,,,,1.0,,1.0,
593,X,-,256,337,B,,,,,1.0,,1.0,
594,X,-,257,337,B,,,,,1.0,,1.0,
595,X,-,258,337,B,,,,,1.0,,1.0,
596,X,-,259,337,B,,,,,1.0,,1.0,
597,X,-,260,337,B,,,,,1.0,,1.0,
598,X,-,261,337,B,,,,,1.0,,1.0,
599,X,-,262,337,B,,,,,1.0,,1.0,
600,X,-,263,337,B,,,,,1.0,,1.0,
601,X,-,264,337,B,,,,,1.0,,1.0,
602,X,-,265,337,B,,,,,1.0,,1.0,
603,X,-,266,337,B,,,,,1.0,,1.0,
604,X,-,267,337,B,,,,,1.0,,1.0,
605,X,-,268,337,B,,,,,1.0,,1.0,
606,X,-,269,337,B,,,,,1.0,,1.0,
607,X,-,270,337,B,,,,,1.0,,1.0,
608,X,-,271,337,B,,,,,1.0,,1.0,
609,X,-,272,337,B,,,,,1.0,,1.0,
610,X,-,273,337,B,,,,,1.0,,1.0,
611,X,-,274,337,B,,,,,1.0,,1.0,
612,X,-,275,337,B,,,,,1.0,,1.0,
613,X,-,276,337,B,,,,,1.0,,1.0,
614,X,-,277,337,B,,,,,1.0,,1.0,
615,X,-,278,337,B,,,,,1.0,,1.0,
616,X,-,279,337,B,,,,,1.0,,1.0,
617,X,-,280,337,B,,,,,1.0,,1.0,
618,X,-,281,337,B,,,,,1.0,,1.0,
619,X,-,282,337,B,,,,,1.0,,1.0,
620,X,-,283,337,B,,,,,1.0,,1.0,
621,X,-,284,337,B,,,,,1.0,,1.0,
622,X,-,285,337,B,,,,,1.0,,1.0,
623,X,-,286,337,B,,,,,1.0,,1.0,
624,X,-,287,337,B,,,,,1.0,,1.0,
625,X,-,288,337,B,,,,,1.0,,1.0,
626,X,-,289,337,B,,,,,1.0,,1.0,
627,X,-,290,337,B,,,,,1.0,,1.0,
628,X,-,291,337,B,,,,,1.0,,1.0,
629,X,-,292,337,B,,,,,1.0,,1.0,
630,X,-,293,337,B,,,,,1.0,,1.0,
631,X,-,294,337,B,,,,,1.0,,1.0,
632,X,-,295,337,B,,,,,1.0,,1.0,
633,X,-,296,337,B,,,,,1.0,,1.0,
634,X,-,297,337,B,,,,,1.0,,1.0,
635,X,-,298,337,B,,,,,1.0,,1.0,
636,X,-,299,337,B,,,,,1.0,,1.0,
637,X,-,300,337,B,,,,,1.0,,1.0,
638,X,-,301,337,B,,,,,1.0,,1.0,
639,X,-,302,337,B,,,,,1.0,,1.0,
640,X,-,303,337,B,,,,,1.0,,1.0,
641,X,-,304,337,B,,,,,1.0,,1.0,
642,X,-,305,337,B,,,,,1.0,,1.0,
643,X,-,306,337,B,,,,,1.0,,1.0,
644,X,-,307,337,B,,,,,1.0,,1.0,
645,X,-,308,337,B,,,,,1.0,,1.0,
646,X,-,309,337,B,,,,,1.0,,1.0,
647,X,-,310,337,B,,,,,1.0,,1.0,
648,X,-,311,337,B,,,,,1.0,,1.0,
649,X,-,312,337,B,,,,,1.0,,1.0,
650,X,-,313,337,B,,,,,1.0,,1.0,
651,X,-,314,337,B,,,,,1.0,,1.0,
652,X,-,315,337,B,,,,,1.0,,1.0,
653,X,-,316,337,B,,,,,1.0,,1.0,
654,X,-,317,337,B,,,,,1.0,,1.0,
655,X,-,318,337,B,,,,,1.0,,1.0,
656,X,-,319,337,B,,,,,1.0,,1.0,
657,X,-,320,337,B,,,,,1.0,,1.0,
658,X,-,321,337,B,,,,,1.0,,1.0,
659,X,-,322,337,B,,,,,1.0,,1.0,
660,X,-,323,337,B,,,,,1.0,,1.0,
661,X,-,324,337,B,,,,,1.0,,1.0,
662,X,-,325,337,B,,,,,1.0,,1.0,
663,X,-,326,337,B,,,,,1.0,,1.0,
664,X,-,327,337,B,,,,,1.0,,1.0,
665,X,-,328,337,B,,,,,1.0,,1.0,
666,X,-,329,337,B,,,,,1.0,,1.0,
667,X,Q,330,338,B,,,,,1.0,,1.0,
668,X,R,331,339,B,,,,,1.0,,1.0,
669,X,E,332,340,B,,,,,1.0,,1.0,
670,X,T,333,341,B,,,,,,,1.0,
671,X,R,334,342,B,,,,,,,1.0,
672,G,G,335,343,B,,,,,,,1.0,
673,L,L,336,344,B,,,,,,,1.0,
674,F,F,337,345,B,,,,,,,1.0,
675,G,G,338,346,B,,,,,,,1.0,
676,A,A,339,347,B,,,,,,,1.0,
677,I,I,340,348,B,,,,,,,1.0,
678,A,A,341,349,B,,,,,,,1.0,
679,G,G,342,350,B,,,,,,,1.0,
680,F,F,343,351,B,,,,,,,,
681,I,I,344,352,B,,,,,,,,
682,E,E,345,353,B,,,,,,,,
683,G,G,346,354,B,,,,,,,,
684,G,G,347,355,B,,,,,,,,
685,W,W,348,356,B,,,,,,,,
686,Q,Q,349,357,B,,,,,,,,
687,G,G,350,358,B,,,,,,,,
688,M,M,351,359,B,,,,,,,,
689,V,V,352,360,B,,,,,,,,
690,D,D,353,361,B,,,,,,,,
691,G,G,354,362,B,,,,,,,,
692,W,W,355,363,B,,,,,,,,
693,Y,Y,356,364,B,,,,,,,,
694,G,G,357,365,B,,,,,,,,
695,Y,Y,358,366,B,,,,,,,,
696,H,H,359,367,B,,,,,,,,
697,H,H,360,368,B,,,,,,,,
698,S,S,361,369,B,,,,,,,,
699,N,N,362,370,B,,,,,,,,
700,E,E,363,371,B,,,,,,,,
701,Q,Q,364,372,B,,,,,,,,
702,G,G,365,373,B,,,,,,,,
703,S,S,366,374,B,,,,,,,,
704,G,G,367,375,B,,,,,,,,
705,Y,Y,368,376,B,,,,,,,,
706,A,A,369,377,B,,,,,,,,
707,A,A,370,378,B,,,,,,,,
708,D,D,371,379,B,,,,,,,,
709,K,K,372,380,B,,,,,,,,
710,E,E,373,381,B,,,,,,,,
711,S,S,374,382,B,,,,,,,,
712,T,T,375,383,B,,,,,,,,
713,Q,Q,376,384,B,,,,,,,,
714,K,K,377,385,B,,,,,,,,
715,A,A,378,386,B,,,,,,,,
716,I,I,379,387,B,,,,,,,,
717,D,D,380,388,B,,,,,,,,
718,G,G,381,389,B,,,,,,,,
719,V,V,382,390,B,,,,,,,,
720,T,T,383,391,B,,,,,,,,
721,N,N,384,392,B,,,,,,,,
722,K,K,385,393,B,,,,,,,,
723,V,V,386,394,B,,,,,,,,
724,N,N,387,395,B,,,,,,,,
725,S,S,388,396,B,,,,,,,,
726,I,I,389,397,B,,,,,,,,
727,I,I,390,398,B,,,,,,,,
728,D,D,391,399,B,,,,,,,,
729,K,K,392,400,B,,,,,,,,
730,M,M,393,401,B,,,,,,,,
731,N,N,394,402,B,,,,,,,,
732,T,T,395,403,B,,,,,,,,
733,Q,Q,396,404,B,,,,,,,,
734,F,F,397,405,B,,,,,,,,
735,E,E,398,406,B,,,,,,,,
736,A,A,399,407,B,,,,,,,,
737,V,V,400,408,B,,,,,,,,
738,G,G,401,409,B,,,,,,,,
739,R,R,402,410,B,,,,,,,,
740,E,E,403,411,B,,,,,,,,
741,F,F,404,412,B,,,,,,,,
742,N,N,405,413,B,,,,,,,,
743,N,N,406,414,B,,,,,,,,
744,L,L,407,415,B,,,,,,,,
745,E,E,408,416,B,,,,,,,,
746,R,R,409,417,B,,,,,,,,
747,R,R,410,418,B,,,,,,,,
748,I,I,411,419,B,,,,,,,,
749,E,E,412,420,B,,,,,,,,
750,N,N,413,421,B,,,,,,,,
751,L,L,414,422,B,,,,,,,,
752,N,N,415,423,B,,,,,,,,
753,K,K,416,424,B,,,,,,,,
754,K,K,417,425,B,,,,,,,,
755,M,M,418,426,B,,,,,,,,
756,E,E,419,427,B,,,,,,,,
757,D,D,420,428,B,,,,,,,,
758,G,G,421,429,B,,,,,,,,
759,F,F,422,430,B,,,,,,,,
760,L,L,423,431,B,,,,,,,,
761,D,D,424,432,B,,,,,,,,
762,V,V,425,433,B,,,,,,,,
763,W,W,426,434,B,,,,,,,,
764,T,T,427,435,B,,,,,,,,
765,Y,Y,428,436,B,,,,,,,,
766,N,N,429,437,B,,,,,,,,
767,A,A,430,438,B,,,,,,,,
768,E,E,431,439,B,,,,,,,,
769,L,L,432,440,B,,,,,,,,
770,L,L,433,441,B,,,,,,,,
771,V,V,434,442,B,,,,,,,,
772,L,L,435,443,B,,,,,,,,
773,M,M,436,444,B,,,,,,,,
774,E,E,437,445,B,,,,,,,,
775,N,N,438,446,B,,,,,,,,
776,E,E,439,447,B,,,,,,,,
777,R,R,440,448,B,,,,,,,,
778,T,T,441,449,B,,,,,,,,
779,L,L,442,450,B,,,,,,,,
780,D,D,443,451,B,,,,,,,,
781,F,F,444,452,B,,,,,,,,
782,H,H,445,453,B,,,,,,,,
783,D,D,446,454,B,,,,,,,,
784,S,S,447,455,B,,,,,,,,
785,N,N,448,456,B,,,,,,,,
786,V,V,449,457,B,,,,,,,,
787,K,K,450,458,B,,,,,,,,
788,N,N,451,459,B,,,,,,,,
789,L,L,452,460,B,,,,,,,,
790,Y,Y,453,461,B,,,,,,,,
791,D,D,454,462,B,,,,,,,,
792,K,K,455,463,B,,,,,,,,
793,V,V,456,464,B,,,,,,,,
794,R,R,457,465,B,,,,,,,,
795,L,L,458,466,B,,,,,,,,
796,Q,Q,459,467,B,,,,,,,,
797,L,L,460,468,B,,,,,,,,
798,R,R,461,469,B,,,,,,,,
799,D,D,462,470,B,,,,,,,,
800,N,N,463,471,B,,,,,,,,
801,A,A,464,472,B,,,,,,,,
802,K,K,465,473,B,,,,,,,,
803,E,E,466,474,B,,,,,,,,
804,L,L,467,475,B,,,,,,,,
805,G,G,468,476,B,,,,,,,,
806,N,N,469,477,B,,,,,,,,
807,G,G,470,478,B,,,,,,,,
808,C,C,471,479,B,,,,,,,,
809,F,F,472,480,B,,,,,,,,
810,E,E,473,481,B,,,,,1.0,,,
811,F,F,474,482,B,,,,,1.0,,,
812,Y,Y,475,483,B,,,,,1.0,,,
813,H,H,476,484,B,,,,,1.0,,,
814,K,K,477,485,B,,,,,1.0,,,
815,C,C,478,486,B,,,,,1.0,,,
816,D,D,479,487,B,,,,,1.0,,,
817,N,N,480,488,B,,,,,1.0,,,
818,E,E,481,489,B,,,,,1.0,,,
819,C,C,482,490,B,,,,,1.0,,,
820,M,M,483,491,B,,,,,1.0,,,
821,E,E,484,492,B,,,,,1.0,,,
822,S,S,485,493,B,,,,,1.0,,,
823,V,V,486,494,B,,,,,1.0,,,
824,R,R,487,495,B,,,,,1.0,,,
825,N,N,488,496,B,,,,,1.0,,,
826,G,G,489,497,B,,,,,1.0,,,
827,T,T,490,498,B,,,,,1.0,,,
828,Y,Y,491,499,B,,,,,1.0,,,
829,D,D,492,500,B,,,,,1.0,,,
830,Y,Y,493,501,B,,,,,,,,
831,P,P,494,502,B,,,,,,,,
832,Q,Q,495,503,B,,,,,,,,
833,Y,Y,496,504,B,,,,,,,,
834,S,S,497,505,B,,,,,,,,
835,E,E,498,506,B,,,,,,,,
836,E,E,499,507,B,,,,,,,,
837,A,A,500,508,B,,,,,,,,
838,R,R,501,509,B,,,,,,,,
839,L,L,502,510,B,,,,,,,,
840,K,K,503,511,B,,,,,,,,
841,R,R,504,512,B,,,,,,,,
842,E,E,505,513,B,,,,,,,,
843,E,E,506,514,B,,,,,,,,
844,I,I,507,515,B,,,,,,,,
845,S,S,508,516,B,,,,,,,,
846,G,G,509,517,B,,,,,,,,
847,-,V,834,518,,,,,,,,,
848,-,K,834,519,,,,,,,,,
849,-,L,834,520,,,,,,,,,
850,-,E,834,521,,,,,,,,,
851,-,S,834,522,,,,,,,,,
852,-,I,834,523,,,,,,,,,
853,-,G,834,524,,,,,,,,,
854,-,I,834,525,,,,,,,,,
855,-,Y,834,526,,,,,,,,,
856,-,Q,834,527,,,,,,,,,
857,-,I,834,528,,,,,,,,,
858,-,L,834,529,,,,,,,,,
859,-,S,834,530,,,,,,,,,
860,-,I,834,531,,,,,,,,,
861,-,Y,834,532,,,,,,,,,
862,-,S,834,533,,,,,,,,,
863,-,T,834,534,,,,,,,,,
864,-,V,834,535,,,,,,,,,
865,-,A,834,536,,,,,,,,,
866,-,S,834,537,,,,,,,,,
867,-,S,834,538,,,,,,,,,
868,-,L,834,539,,,,,,,,,
869,-,A,834,540,,,,,,,,,
870,-,L,834,541,,,,,,,,,
871,-,A,834,542,,,,,,,,,
872,-,I,834,543,,,,,,,,,
873,-,M,834,544,,,,,,,,,
874,-,V,834,545,,,,,,,,,
875,-,A,834,546,,,,,,,,,
876,-,G,834,547,,,,,,,,,
877,-,L,834,548,,,,,,,,,
878,-,S,834,549,,,,,,,,,
879,-,L,834,550,,,,,,,,,
880,-,W,834,551,,,,,,,,,
881,-,M,834,552,,,,,,,,,
882,-,C,834,553,,,,,,,,,
883,-,S,834,554,,,,,,,,,
884,-,N,834,555,,,,,,,,,
885,-,G,834,556,,,,,,,,,
886,-,S,834,557,,,,,,,,,
887,-,L,834,558,,,,,,,,,
888,-,Q,834,559,,,,,,,,,
889,-,C,834,560,,,,,,,,,
890,-,R,834,561,,,,,,,,,
891,-,I,834,562,,,,,,,,,
892,-,C,834,563,,,,,,,,,
893,-,I,834,564,,,,,,,,,
