,atm_pdb_seq,protein_seq,atm_count,pep_count,chain,Vie_N1_IgM_pbslive,Vie_N1_IgG_pbslive,Vie_N1_IgG_rapalive,Vie_N1_IgM_rapadead,Vie_N1_diff_IgG_rapalive__IgM_rapadead,Vie_N1_IgG_live,Vie_N1_IgM_dead,Vie_N1_diff_IgG_live__IgM_dead
1,X,-,1,0,A,,,,,,,,
2,X,-,2,0,A,,,,,,,,
3,X,-,3,0,A,,,,,,,,
4,X,-,4,0,A,,,,,,,,
5,X,-,5,0,A,,,,,,,,
6,X,-,6,0,A,,,,,,,,
7,X,-,7,0,A,,,,,,,,
8,X,-,8,0,A,,,,,,,,
9,X,-,9,0,A,,,,,,,,
10,X,-,10,0,A,,,,,,,,
11,X,-,11,0,A,,,,,,,,
12,X,-,12,0,A,,,,,,,,
13,X,-,13,0,A,,,,,,,,
14,X,-,14,0,A,,,,,,,,
15,X,-,15,0,A,,,,,,,,
16,X,-,16,0,A,,,,,,,,
17,X,-,17,0,A,,,,,,,,
18,X,-,18,0,A,,,,,,,,
19,X,-,19,0,A,,,,,,,,
20,X,-,20,0,A,,,,,,,,
21,X,M,21,1,A,1.0,,,1.0,,,,
22,X,N,22,2,A,1.0,,,1.0,,,,
23,X,P,23,3,A,1.0,,,1.0,,,,
24,X,N,24,4,A,1.0,,,1.0,,,,
25,X,Q,25,5,A,1.0,,,1.0,,,,
26,X,K,26,6,A,1.0,,,1.0,,,,
27,X,I,27,7,A,1.0,,,1.0,,,,
28,X,I,28,8,A,1.0,,,1.0,,,,
29,X,T,29,9,A,1.0,,,1.0,,,,
30,X,I,30,10,A,1.0,,,1.0,,,,
31,X,G,31,11,A,1.0,,,1.0,,,,
32,X,S,32,12,A,1.0,,,1.0,,,,
33,X,I,33,13,A,1.0,,,1.0,,,,
34,X,C,34,14,A,1.0,,,1.0,,,,
35,X,M,35,15,A,1.0,,,1.0,,,,
36,X,V,36,16,A,1.0,,,1.0,,1.0,1.0,1.0
37,X,T,37,17,A,1.0,,,1.0,,1.0,1.0,1.0
38,X,G,38,18,A,1.0,,,1.0,,1.0,1.0,1.0
39,X,I,39,19,A,1.0,,,1.0,,1.0,1.0,1.0
40,X,V,40,20,A,1.0,,,1.0,,1.0,1.0,1.0
41,X,S,41,21,A,,,,1.0,,1.0,1.0,1.0
42,X,L,42,22,A,,,,1.0,,1.0,1.0,1.0
43,X,M,43,23,A,,,,1.0,,1.0,1.0,1.0
44,X,L,44,24,A,,,,1.0,,1.0,1.0,1.0
45,X,Q,45,25,A,,,,1.0,,1.0,1.0,1.0
46,X,I,46,26,A,,,,1.0,,1.0,1.0,1.0
47,X,G,47,27,A,,,,1.0,,1.0,1.0,1.0
48,X,N,48,28,A,,,,1.0,,1.0,1.0,1.0
49,X,M,49,29,A,,,,1.0,,1.0,1.0,1.0
50,X,I,50,30,A,,,,1.0,,1.0,1.0,1.0
51,X,S,51,31,A,,,,1.0,,1.0,1.0,1.0
52,X,I,52,32,A,,,,1.0,,1.0,1.0,1.0
53,X,W,53,33,A,,,,1.0,,1.0,1.0,1.0
54,X,V,54,34,A,,,,1.0,,1.0,1.0,1.0
55,X,S,55,35,A,,,,1.0,,1.0,1.0,1.0
56,X,H,56,36,A,,,,1.0,,1.0,,
57,X,S,57,37,A,,,,1.0,,1.0,,
58,X,I,58,38,A,,,,1.0,,1.0,,
59,X,H,59,39,A,,,,1.0,,1.0,,
60,X,T,60,40,A,,,,1.0,,1.0,,
61,X,G,61,41,A,,,,1.0,,,,
62,X,N,62,42,A,,,,1.0,,,,
63,X,Q,63,43,A,,,,1.0,,,,
64,X,H,64,44,A,,,,1.0,,,,
65,X,Q,65,45,A,,,,1.0,,,,
66,X,S,66,46,A,,,,,,,,
67,X,E,67,47,A,,,,,,,,
68,X,P,68,48,A,,,,,,,,
69,X,I,69,49,A,,,,,,,,
70,X,S,70,50,A,,,,,,,,
71,X,N,71,51,A,,,,,,,,
72,X,T,72,52,A,,,,,,,,
73,X,N,73,53,A,,,,,,,,
74,X,F,74,54,A,,,,,,,,
75,X,L,75,55,A,,,,,,,,
76,X,T,76,56,A,,,,1.0,,,1.0,
77,X,E,77,57,A,,,,1.0,,,1.0,
78,X,K,78,58,A,,,,1.0,,,1.0,
79,X,A,79,59,A,,,,1.0,,,1.0,
80,X,V,80,60,A,,,,1.0,,,1.0,
81,X,A,81,61,A,,,1.0,1.0,1.0,1.0,1.0,1.0
82,X,S,82,62,A,,,1.0,1.0,1.0,1.0,1.0,1.0
83,V,V,83,63,A,,,1.0,1.0,1.0,1.0,1.0,1.0
84,K,K,84,64,A,,,1.0,1.0,1.0,1.0,1.0,1.0
85,L,L,85,65,A,,,1.0,1.0,1.0,1.0,1.0,1.0
86,A,A,86,66,A,,,1.0,1.0,1.0,1.0,1.0,1.0
87,G,G,87,67,A,,,1.0,1.0,1.0,1.0,1.0,1.0
88,N,N,88,68,A,,,1.0,1.0,1.0,1.0,1.0,1.0
89,S,S,89,69,A,,,1.0,1.0,1.0,1.0,1.0,1.0
90,S,S,90,70,A,,,1.0,1.0,1.0,1.0,1.0,1.0
91,L,L,91,71,A,,,1.0,1.0,1.0,1.0,1.0,1.0
92,C,C,92,72,A,,,1.0,1.0,1.0,1.0,1.0,1.0
93,P,P,93,73,A,,,1.0,1.0,1.0,1.0,1.0,1.0
94,I,I,94,74,A,,,1.0,1.0,1.0,1.0,1.0,1.0
95,N,N,95,75,A,,,1.0,1.0,1.0,1.0,1.0,1.0
96,G,G,96,76,A,,,1.0,1.0,1.0,1.0,,
97,W,W,97,77,A,,,1.0,1.0,1.0,1.0,,
98,A,A,98,78,A,,,1.0,1.0,1.0,1.0,,
99,V,V,99,79,A,,,1.0,1.0,1.0,1.0,,
100,Y,Y,100,80,A,,,1.0,1.0,1.0,1.0,,
101,S,S,101,81,A,,,,1.0,,,,
102,K,K,102,82,A,,,,1.0,,,,
103,D,D,103,83,A,,,,1.0,,,,
104,N,N,104,84,A,,,,1.0,,,,
105,S,S,105,85,A,,,,1.0,,,,
106,I,I,106,86,A,,,,1.0,,,,
107,R,R,107,87,A,,,,1.0,,,,
108,I,I,108,88,A,,,,1.0,,,,
109,G,G,109,89,A,,,,1.0,,,,
110,S,S,110,90,A,,,,1.0,,,,
111,K,K,111,91,A,,,,1.0,,,,
112,G,G,112,92,A,,,,1.0,,,,
113,D,D,113,93,A,,,,1.0,,,,
114,V,V,114,94,A,,,,1.0,,,,
115,F,F,115,95,A,,,,1.0,,,,
116,V,V,116,96,A,,,,1.0,,,,
117,I,I,117,97,A,,,,1.0,,,,
118,R,R,118,98,A,,,,1.0,,,,
119,E,E,119,99,A,,,,1.0,,,,
120,P,P,120,100,A,,,,1.0,,,,
121,F,F,121,101,A,,,,1.0,,,,
122,I,I,122,102,A,,,,1.0,,,,
123,S,S,123,103,A,,,,1.0,,,,
124,C,C,124,104,A,,,,1.0,,,,
125,S,S,125,105,A,,,,1.0,,,,
126,H,H,126,106,A,,,,,,,,
127,L,L,127,107,A,,,,,,,,
128,E,E,128,108,A,,,,,,,,
129,C,C,129,109,A,,,,,,,,
130,R,R,130,110,A,,,,,,,,
131,T,T,131,111,A,,1.0,,,,1.0,,
132,F,F,132,112,A,,1.0,,,,1.0,,
133,F,F,133,113,A,,1.0,,,,1.0,,
134,L,L,134,114,A,,1.0,,,,1.0,,
135,T,T,135,115,A,,1.0,,,,1.0,,
136,Q,Q,136,116,A,,1.0,,,,1.0,,
137,G,G,137,117,A,,1.0,,,,1.0,,
138,A,A,138,118,A,,1.0,,,,1.0,,
139,L,L,139,119,A,,1.0,,,,1.0,,
140,L,L,140,120,A,,1.0,,,,1.0,,
141,N,N,141,121,A,,1.0,,,,1.0,,
142,D,D,142,122,A,,1.0,,,,1.0,,
143,K,K,143,123,A,,1.0,,,,1.0,,
144,H,H,144,124,A,,1.0,,,,1.0,,
145,S,S,145,125,A,,1.0,,,,1.0,,
146,N,N,146,126,A,,1.0,,,,1.0,,
147,G,G,147,127,A,,1.0,,,,1.0,,
148,T,T,148,128,A,,1.0,,,,1.0,,
149,V,V,149,129,A,,1.0,,,,1.0,,
150,K,K,150,130,A,,1.0,,,,1.0,,
151,D,D,151,131,A,,,,,,,,
152,R,R,152,132,A,,,,,,,,
153,S,S,153,133,A,,,,,,,,
154,P,P,154,134,A,,,,,,,,
155,H,H,155,135,A,,,,,,,,
156,R,R,156,136,A,,,1.0,,,1.0,,
157,T,T,157,137,A,,,1.0,,,1.0,,
158,L,L,158,138,A,,,1.0,,,1.0,,
159,M,M,159,139,A,,,1.0,,,1.0,,
160,S,S,160,140,A,,,1.0,,,1.0,,
161,C,C,161,141,A,,,1.0,,,1.0,,
162,P,P,162,142,A,,,1.0,,,1.0,,
163,V,V,163,143,A,,,1.0,,,1.0,,
164,G,G,164,144,A,,,1.0,,,1.0,,
165,E,E,165,145,A,,,1.0,,,1.0,,
166,A,A,166,146,A,,,1.0,1.0,1.0,1.0,,
167,P,P,167,147,A,,,1.0,1.0,1.0,1.0,,
168,S,S,168,148,A,,,1.0,1.0,1.0,1.0,,
169,P,P,169,149,A,,,1.0,1.0,1.0,1.0,,
170,Y,Y,170,150,A,,,1.0,1.0,1.0,1.0,,
171,N,N,171,151,A,,,1.0,1.0,1.0,1.0,,
172,S,S,172,152,A,,,1.0,1.0,1.0,1.0,,
173,R,R,173,153,A,,,1.0,1.0,1.0,1.0,,
174,F,F,174,154,A,,,1.0,1.0,1.0,1.0,,
175,E,E,175,155,A,,,1.0,1.0,1.0,1.0,,
176,S,S,176,156,A,,,1.0,1.0,1.0,1.0,,
177,V,V,177,157,A,,,1.0,1.0,1.0,1.0,,
178,A,A,178,158,A,,,1.0,1.0,1.0,1.0,,
179,W,W,179,159,A,,,1.0,1.0,1.0,1.0,,
180,S,S,180,160,A,,,1.0,1.0,1.0,1.0,,
181,A,A,181,161,A,,,1.0,1.0,1.0,1.0,,
182,S,S,182,162,A,,,1.0,1.0,1.0,1.0,,
183,A,A,183,163,A,,,1.0,1.0,1.0,1.0,,
184,C,C,184,164,A,,,1.0,1.0,1.0,1.0,,
185,H,H,185,165,A,,,1.0,1.0,1.0,1.0,,
186,D,D,186,166,A,,,1.0,,,1.0,,
187,G,G,187,167,A,,,1.0,,,1.0,,
188,T,T,188,168,A,,,1.0,,,1.0,,
189,S,S,189,169,A,,,1.0,,,1.0,,
190,W,W,190,170,A,,,1.0,,,1.0,,
191,L,L,191,171,A,,,,,,,,
192,T,T,192,172,A,,,,,,,,
193,I,I,193,173,A,,,,,,,,
194,G,G,194,174,A,,,,,,,,
195,I,I,195,175,A,,,,,,,,
196,S,S,196,176,A,,,,,,,,
197,G,G,197,177,A,,,,,,,,
198,P,P,198,178,A,,,,,,,,
199,D,D,199,179,A,,,,,,,,
200,N,N,200,180,A,,,,,,,,
201,G,G,201,181,A,,1.0,,,,1.0,,
202,A,A,202,182,A,,1.0,,,,1.0,,
203,V,V,203,183,A,,1.0,,,,1.0,,
204,A,A,204,184,A,,1.0,,,,1.0,,
205,V,V,205,185,A,,1.0,,,,1.0,,
206,L,L,206,186,A,,1.0,,,,1.0,,
207,K,K,207,187,A,,1.0,,,,1.0,,
208,Y,Y,208,188,A,,1.0,,,,1.0,,
209,N,N,209,189,A,,1.0,,,,1.0,,
210,G,G,210,190,A,,1.0,,,,1.0,,
211,I,I,211,191,A,,1.0,,,,1.0,,
212,I,I,212,192,A,,1.0,,,,1.0,,
213,T,T,213,193,A,,1.0,,,,1.0,,
214,D,D,214,194,A,,1.0,,,,1.0,,
215,T,T,215,195,A,,1.0,,,,1.0,,
216,I,I,216,196,A,,1.0,,1.0,,1.0,,
217,K,K,217,197,A,,1.0,,1.0,,1.0,,
218,S,S,218,198,A,,1.0,,1.0,,1.0,,
219,W,W,219,199,A,,1.0,,1.0,,1.0,,
220,R,R,220,200,A,,1.0,,1.0,,1.0,,
221,N,N,221,201,A,,,,1.0,,,,
222,N,N,222,202,A,,,,1.0,,,,
223,I,I,223,203,A,,,,1.0,,,,
224,L,L,224,204,A,,,,1.0,,,,
225,R,R,225,205,A,,,,1.0,,,,
226,T,T,226,206,A,,,,1.0,,,,
227,Q,Q,227,207,A,,,,1.0,,,,
228,E,E,228,208,A,,,,1.0,,,,
229,S,S,229,209,A,,,,1.0,,,,
230,E,E,230,210,A,,,,1.0,,,,
231,C,C,231,211,A,,,,1.0,,,,
232,A,A,232,212,A,,,,1.0,,,,
233,C,C,233,213,A,,,,1.0,,,,
234,V,V,234,214,A,,,,1.0,,,,
235,N,N,235,215,A,,,,1.0,,,,
236,G,G,236,216,A,,,,,,,,
237,S,S,237,217,A,,,,,,,,
238,C,C,238,218,A,,,,,,,,
239,F,F,239,219,A,,,,,,,,
240,T,T,240,220,A,,,,,,,,
241,V,V,241,221,A,,,,,,,,
242,M,M,242,222,A,,,,,,,,
243,T,T,243,223,A,,,,,,,,
244,D,D,244,224,A,,,,,,,,
245,G,G,245,225,A,,,,,,,,
246,P,P,246,226,A,,,,,,,,
247,S,S,247,227,A,,,,,,,,
248,N,N,248,228,A,,,,,,,,
249,G,G,249,229,A,,,,,,,,
250,Q,Q,250,230,A,,,,,,,,
251,A,A,251,231,A,,,,1.0,,,,
252,S,S,252,232,A,,,,1.0,,,,
253,Y,H,253,233,A,,,,1.0,,,,
254,K,K,254,234,A,,,,1.0,,,,
255,I,I,255,235,A,,,,1.0,,,,
256,F,F,256,236,A,,,,1.0,,,,
257,K,K,257,237,A,,,,1.0,,,,
258,M,M,258,238,A,,,,1.0,,,,
259,E,E,259,239,A,,,,1.0,,,,
260,K,K,260,240,A,,,,1.0,,,,
261,G,G,261,241,A,,,,1.0,,,,
262,K,K,262,242,A,,,,1.0,,,,
263,V,V,263,243,A,,,,1.0,,,,
264,V,V,264,244,A,,,,1.0,,,,
265,K,K,265,245,A,,,,1.0,,,,
266,S,S,266,246,A,,,,1.0,,,,
267,V,V,267,247,A,,,,1.0,,,,
268,E,E,268,248,A,,,,1.0,,,,
269,L,L,269,249,A,,,,1.0,,,,
270,D,D,270,250,A,,,,1.0,,,,
271,A,A,271,251,A,,,,,,,,
272,P,P,272,252,A,,,,,,,,
273,N,N,273,253,A,,,,,,,,
274,Y,Y,274,254,A,,,,,,,,
275,H,H,275,255,A,,,,,,,,
276,Y,Y,276,256,A,,,,,,,,
277,E,E,277,257,A,,,,,,,,
278,E,E,278,258,A,,,,,,,,
279,C,C,279,259,A,,,,,,,,
280,S,S,280,260,A,,,,,,,,
281,C,C,281,261,A,,,,,,,,
282,Y,Y,282,262,A,,,,,,,,
283,P,P,283,263,A,,,,,,,,
284,N,N,284,264,A,,,,,,,,
285,A,A,285,265,A,,,,,,,,
286,G,G,286,266,A,,,,,,,,
287,E,E,287,267,A,,,,,,,,
288,I,I,288,268,A,,,,,,,,
289,T,T,289,269,A,,,,,,,,
290,C,C,290,270,A,,,,,,,,
291,V,V,291,271,A,,,,,,,,
292,C,C,292,272,A,,,,,,,,
293,R,R,293,273,A,,,,,,,,
294,D,D,294,274,A,,,,,,,,
295,N,N,295,275,A,,,,,,,,
296,W,W,296,276,A,,,,,,,,
297,H,H,297,277,A,,,,,,,,
298,G,G,298,278,A,,,,,,,,
299,S,S,299,279,A,,,,,,,,
300,N,N,300,280,A,,,,,,,,
301,R,R,301,281,A,,,,,,1.0,,
302,P,P,302,282,A,,,,,,1.0,,
303,W,W,303,283,A,,,,,,1.0,,
304,V,V,304,284,A,,,,,,1.0,,
305,S,S,305,285,A,,,,,,1.0,,
306,F,F,306,286,A,,,,,,1.0,,
307,N,N,307,287,A,,,,,,1.0,,
308,X,-,308,287,A,,,,,,1.0,,
309,Q,Q,309,288,A,,,,,,1.0,,
310,N,N,310,289,A,,,,,,1.0,,
311,L,L,311,290,A,,,,,,1.0,,
312,E,E,312,291,A,,,,,,1.0,,
313,Y,Y,313,292,A,,,,,,1.0,,
314,Q,Q,314,293,A,,,,,,1.0,,
315,I,I,315,294,A,,,,,,1.0,,
316,G,G,316,295,A,,,,,,1.0,,
317,Y,Y,317,296,A,,,,,,1.0,,
318,I,I,318,297,A,,,,,,1.0,,
319,C,C,319,298,A,,,,,,1.0,,
320,S,S,320,299,A,,,,,,1.0,,
321,G,G,321,300,A,,,,,,1.0,,
322,V,V,322,301,A,,,,,,,,
323,F,F,323,302,A,,,,,,,,
324,G,G,324,303,A,,,,,,,,
325,D,D,325,304,A,,,,,,,,
326,N,N,326,305,A,,,,,,,,
327,P,P,327,306,A,,,,,,,,
328,R,R,328,307,A,,,,,,,,
329,P,P,329,308,A,,,,,,,,
330,N,N,330,309,A,,,,,,,,
331,D,D,331,310,A,,,,,,,,
332,G,G,332,311,A,,,,1.0,,,,
333,T,T,333,312,A,,,,1.0,,,,
334,G,G,334,313,A,,,,1.0,,,,
335,X,-,335,313,A,,,,1.0,,,,
336,S,S,336,314,A,,,,1.0,,,,
337,C,C,337,315,A,,,,1.0,,,,
338,X,-,338,315,A,,,,1.0,,,,
339,X,-,339,315,A,,,,1.0,,,,
340,G,G,340,316,A,,,,1.0,,,,
341,P,P,341,317,A,,,,1.0,,,,
342,V,V,342,318,A,,,,1.0,,,,
343,S,S,343,319,A,,,,1.0,,,,
344,S,S,344,320,A,,,,1.0,,,,
345,N,N,345,321,A,,,,1.0,,,,
346,G,G,346,322,A,,,,1.0,,,,
347,A,A,347,323,A,,,,1.0,,,,
348,Y,Y,348,324,A,,,,1.0,,,,
349,G,G,349,325,A,,,,1.0,,,,
350,V,V,350,326,A,,,,1.0,,,,
351,K,K,351,327,A,,,,1.0,,,,
352,G,G,352,328,A,,,,1.0,,,,
353,F,F,353,329,A,,,,1.0,,,,
354,S,S,354,330,A,,,,1.0,,,,
355,F,F,355,331,A,,,,1.0,,,,
356,K,K,356,332,A,,,,1.0,,,,
357,Y,Y,357,333,A,,,,1.0,,,,
358,G,G,358,334,A,,,,1.0,,,,
359,N,N,359,335,A,,,,1.0,,,,
360,G,G,360,336,A,,1.0,,1.0,,,,
361,V,V,361,337,A,,1.0,,1.0,,,,
362,W,W,362,338,A,,1.0,,1.0,,,,
363,I,I,363,339,A,,1.0,,1.0,,,,
364,G,G,364,340,A,,1.0,,1.0,,,,
365,R,R,365,341,A,,1.0,,1.0,,,,
366,T,T,366,342,A,,1.0,,1.0,,,,
367,K,K,367,343,A,,1.0,,1.0,,,,
368,S,S,368,344,A,,1.0,,1.0,,,,
369,T,T,369,345,A,,1.0,,1.0,,,,
370,N,N,370,346,A,,1.0,,1.0,,,,
371,S,S,371,347,A,,1.0,,1.0,,,,
372,R,R,372,348,A,,1.0,,1.0,,,,
373,S,S,373,349,A,,1.0,,1.0,,,,
374,G,G,374,350,A,,1.0,,1.0,,,,
375,F,F,375,351,A,,1.0,,1.0,,,,
376,E,E,376,352,A,,1.0,,1.0,,,,
377,M,M,377,353,A,,1.0,,1.0,,,,
378,I,I,378,354,A,,1.0,,1.0,,,,
379,W,W,379,355,A,,1.0,,1.0,,,,
380,D,D,380,356,A,,,1.0,,,,,
381,P,P,381,357,A,,,1.0,,,,,
382,N,N,382,358,A,,,1.0,,,,,
383,G,G,383,359,A,,,1.0,,,,,
384,W,W,384,360,A,,,1.0,,,,,
385,T,T,385,361,A,,,1.0,,,1.0,,
386,E,E,386,362,A,,,1.0,,,1.0,,
387,T,T,387,363,A,,,1.0,,,1.0,,
388,D,D,388,364,A,,,1.0,,,1.0,,
389,S,S,389,365,A,,,1.0,,,1.0,,
390,S,S,390,366,A,,,1.0,,,1.0,,
391,F,F,391,367,A,,,1.0,,,1.0,,
392,S,S,392,368,A,,,1.0,,,1.0,,
393,V,V,393,369,A,,,1.0,,,1.0,,
394,X,-,394,369,A,,,1.0,,,1.0,,
395,K,K,395,370,A,,,1.0,,,1.0,,
396,Q,Q,396,371,A,,,1.0,,,1.0,,
397,D,D,397,372,A,,,1.0,,,1.0,,
398,I,I,398,373,A,,,1.0,,,1.0,,
399,V,V,399,374,A,,,1.0,,,1.0,,
400,A,A,400,375,A,,,1.0,,,1.0,,
401,I,I,401,376,A,,,,,,1.0,,
402,T,T,402,377,A,,,,,,1.0,,
403,D,D,403,378,A,,,,,,1.0,,
404,W,W,404,379,A,,,,,,1.0,,
405,S,S,405,380,A,,,,,,1.0,,
406,G,G,406,381,A,,,,,,,,
407,Y,Y,407,382,A,,,,,,,,
408,S,S,408,383,A,,,,,,,,
409,G,G,409,384,A,,,,,,,,
410,S,S,410,385,A,,,,,,,,
411,F,F,411,386,A,,,,,,,,
412,V,V,412,387,A,,,,,,,,
413,Q,Q,413,388,A,,,,,,,,
414,H,H,414,389,A,,,,,,,,
415,P,P,415,390,A,,,,,,,,
416,E,E,416,391,A,,,,,,,,
417,L,L,417,392,A,,,,,,,,
418,T,T,418,393,A,,,,,,,,
419,G,G,419,394,A,,,,,,,,
420,L,L,420,395,A,,,,,,,,
421,D,D,421,396,A,,,,,,,,
422,C,C,422,397,A,,,,,,,,
423,I,I,423,398,A,,,,,,,,
424,R,R,424,399,A,,,,,,,,
425,P,P,425,400,A,,,,,,,,
426,C,C,426,401,A,,,,1.0,,,,
427,F,F,427,402,A,,,,1.0,,,,
428,W,W,428,403,A,,,,1.0,,,,
429,V,V,429,404,A,,,,1.0,,,,
430,E,E,430,405,A,,,,1.0,,,,
431,L,L,431,406,A,,,,1.0,,,,
432,I,I,432,407,A,,,,1.0,,,,
433,R,R,433,408,A,,,,1.0,,,,
434,G,G,434,409,A,,,,1.0,,,,
435,R,R,435,410,A,,,,1.0,,,,
436,P,P,436,411,A,,,,1.0,,,,
437,K,K,437,412,A,,,,1.0,,,,
438,E,E,438,413,A,,,,1.0,,,,
439,X,-,439,413,A,,,,1.0,,,,
440,S,S,440,414,A,,,,1.0,,,,
441,T,T,441,415,A,,,,1.0,,,,
442,I,I,442,416,A,,,,1.0,,,,
443,W,W,443,417,A,,,,1.0,,,,
444,T,T,444,418,A,,,,1.0,,,,
445,S,S,445,419,A,,,,1.0,,,,
446,G,G,446,420,A,,,,1.0,,,,
447,S,S,447,421,A,,,,1.0,,,,
448,S,S,448,422,A,,,,1.0,,,,
449,I,I,449,423,A,,,,1.0,,,,
450,S,S,450,424,A,,,,1.0,,,,
451,F,F,451,425,A,,,,1.0,,,,
452,C,C,452,426,A,,,,1.0,,,,
453,G,G,453,427,A,,,,1.0,,,,
454,V,V,454,428,A,,,,1.0,,,,
455,N,N,455,429,A,,,,1.0,,,,
456,S,S,456,430,A,,,,1.0,,,,
457,D,D,457,431,A,,,,,,,,
458,T,T,458,432,A,,,,,,,,
459,V,V,459,433,A,,,,,,,,
460,G,G,460,434,A,,,,,,,,
461,W,W,461,435,A,,,,,,,,
462,S,S,462,436,A,,,,,,,,
463,W,W,463,437,A,,,,,,,,
464,P,P,464,438,A,,,,,,,,
465,D,D,465,439,A,,,,,,,,
466,G,G,466,440,A,,,,,,,,
467,A,A,467,441,A,,,,,,,,
468,E,E,468,442,A,,,,,,,,
469,L,L,469,443,A,,,,,,,,
470,P,P,470,444,A,,,,,,,,
471,F,F,471,445,A,,,,,,,,
472,T,T,472,446,A,,,,,,,,
473,I,I,473,447,A,,,,,,,,
474,-,D,473,448,,,,,,,,,
475,-,K,473,449,,,,,,,,,
